[{"model": "contenttypes.contenttype", "pk": 1, "fields": {"app_label": "admin", "model": "logentry"}}, {"model": "contenttypes.contenttype", "pk": 2, "fields": {"app_label": "auth", "model": "permission"}}, {"model": "contenttypes.contenttype", "pk": 3, "fields": {"app_label": "auth", "model": "group"}}, {"model": "contenttypes.contenttype", "pk": 4, "fields": {"app_label": "auth", "model": "user"}}, {"model": "contenttypes.contenttype", "pk": 5, "fields": {"app_label": "contenttypes", "model": "contenttype"}}, {"model": "contenttypes.contenttype", "pk": 6, "fields": {"app_label": "sessions", "model": "session"}}, {"model": "contenttypes.contenttype", "pk": 7, "fields": {"app_label": "accounts", "model": "perfil"}}, {"model": "contenttypes.contenttype", "pk": 8, "fields": {"app_label": "perguntas", "model": "pergunta"}}, {"model": "contenttypes.contenttype", "pk": 9, "fields": {"app_label": "empresas", "model": "empresa"}}, {"model": "contenttypes.contenttype", "pk": 10, "fields": {"app_label": "departamentos", "model": "departamento"}}, {"model": "contenttypes.contenttype", "pk": 11, "fields": {"app_label": "funcionarios", "model": "funcionario"}}, {"model": "contenttypes.contenttype", "pk": 12, "fields": {"app_label": "respostas", "model": "resposta"}}, {"model": "contenttypes.contenttype", "pk": 13, "fields": {"app_label": "opcoes", "model": "opcao"}}, {"model": "contenttypes.contenttype", "pk": 14, "fields": {"app_label": "respostas_padroes", "model": "respostapadrao"}}, {"model": "sessions.session", "pk": "3dkqggqahncfa5avwd2u1hfi2nychu6x", "fields": {"session_data": "OWNmOTgxOWUxYTNhNzhjOGRiMTJlMGFmOWU2NTEzYjIzZWNmYmE1Njp7Il9hdXRoX3VzZXJfaWQiOiIxIiwiX2F1dGhfdXNlcl9iYWNrZW5kIjoiZGphbmdvLmNvbnRyaWIuYXV0aC5iYWNrZW5kcy5Nb2RlbEJhY2tlbmQiLCJfYXV0aF91c2VyX2hhc2giOiI3OTVlMjhlMjZhNzRhODdlNTVkNjM0ZmFlZTVmYzAzOWVkMmZhOTg4In0=", "expire_date": "2019-09-25T16:50:22.225Z"}}, {"model": "sessions.session", "pk": "7nlevx23cj663yqtgx9jo1ozu9y9gchx", "fields": {"session_data": "OWNmOTgxOWUxYTNhNzhjOGRiMTJlMGFmOWU2NTEzYjIzZWNmYmE1Njp7Il9hdXRoX3VzZXJfaWQiOiIxIiwiX2F1dGhfdXNlcl9iYWNrZW5kIjoiZGphbmdvLmNvbnRyaWIuYXV0aC5iYWNrZW5kcy5Nb2RlbEJhY2tlbmQiLCJfYXV0aF91c2VyX2hhc2giOiI3OTVlMjhlMjZhNzRhODdlNTVkNjM0ZmFlZTVmYzAzOWVkMmZhOTg4In0=", "expire_date": "2019-09-23T18:58:41.610Z"}}, {"model": "sessions.session", "pk": "ooqv5jyl6igfueyxz3aw2osuv4a82t8g", "fields": {"session_data": "OWNmOTgxOWUxYTNhNzhjOGRiMTJlMGFmOWU2NTEzYjIzZWNmYmE1Njp7Il9hdXRoX3VzZXJfaWQiOiIxIiwiX2F1dGhfdXNlcl9iYWNrZW5kIjoiZGphbmdvLmNvbnRyaWIuYXV0aC5iYWNrZW5kcy5Nb2RlbEJhY2tlbmQiLCJfYXV0aF91c2VyX2hhc2giOiI3OTVlMjhlMjZhNzRhODdlNTVkNjM0ZmFlZTVmYzAzOWVkMmZhOTg4In0=", "expire_date": "2019-09-26T14:13:57.203Z"}}, {"model": "departamentos.departamento", "pk": 1, "fields": {"nome": "Diretoria"}}, {"model": "empresas.empresa", "pk": 1, "fields": {"nome": "Usesoft do Brasil Tecnologia"}}, {"model": "empresas.empresa", "pk": 2, "fields": {"nome": "Usesoft do Brasil Tecnologia"}}, {"model": "perguntas.pergunta", "pk": 1, "fields": {"texto_da_pergunta": "1 - O que achou das Promo\u00e7\u00f5es?", "data_de_criacao": "2019-09-11T16:50:58.354Z"}}, {"model": "perguntas.pergunta", "pk": 2, "fields": {"texto_da_pergunta": "2 - Variedade de produtos?", "data_de_criacao": "2019-09-11T16:51:26.504Z"}}, {"model": "perguntas.pergunta", "pk": 3, "fields": {"texto_da_pergunta": "3 - Limpeza da loja?", "data_de_criacao": "2019-09-11T16:51:44.752Z"}}, {"model": "perguntas.pergunta", "pk": 4, "fields": {"texto_da_pergunta": "4 - Se\u00e7\u00e3o de frutas e verduras?", "data_de_criacao": "2019-09-11T16:52:05.151Z"}}, {"model": "perguntas.pergunta", "pk": 5, "fields": {"texto_da_pergunta": "5 - Atendimento na padaria?", "data_de_criacao": "2019-09-11T16:52:19.277Z"}}, {"model": "perguntas.pergunta", "pk": 6, "fields": {"texto_da_pergunta": "6 - Atendimento no a\u00e7ougue?", "data_de_criacao": "2019-09-11T16:52:38.896Z"}}, {"model": "perguntas.pergunta", "pk": 7, "fields": {"texto_da_pergunta": "7 - Atendimento nos caixas", "data_de_criacao": "2019-09-11T16:52:51.390Z"}}, {"model": "perguntas.pergunta", "pk": 8, "fields": {"texto_da_pergunta": "8 - Simpatia do nosso pessoal?", "data_de_criacao": "2019-09-11T16:53:12.772Z"}}, {"model": "perguntas.pergunta", "pk": 9, "fields": {"texto_da_pergunta": "9 - Escreva sua sugest\u00e3o ou coment\u00e1rio para que possamos aprimorar nosso servi\u00e7os", "data_de_criacao": "2019-09-11T16:53:56.773Z"}}, {"model": "perguntas.pergunta", "pk": 10, "fields": {"texto_da_pergunta": "O Curso \u00e9 bom?", "data_de_criacao": "2019-09-12T19:10:43.288Z"}}, {"model": "respostas_padroes.respostapadrao", "pk": 1, "fields": {"texto": "Sim"}}, {"model": "respostas_padroes.respostapadrao", "pk": 2, "fields": {"texto": "N\u00e3o"}}, {"model": "respostas_padroes.respostapadrao", "pk": 3, "fields": {"texto": "0"}}, {"model": "respostas_padroes.respostapadrao", "pk": 4, "fields": {"texto": "1"}}, {"model": "respostas_padroes.respostapadrao", "pk": 5, "fields": {"texto": "2"}}, {"model": "respostas_padroes.respostapadrao", "pk": 7, "fields": {"texto": "3"}}, {"model": "respostas_padroes.respostapadrao", "pk": 8, "fields": {"texto": "4"}}, {"model": "respostas_padroes.respostapadrao", "pk": 9, "fields": {"texto": "\u00d3timo"}}, {"model": "respostas_padroes.respostapadrao", "pk": 10, "fields": {"texto": "Regular"}}, {"model": "respostas_padroes.respostapadrao", "pk": 11, "fields": {"texto": "Bom"}}, {"model": "respostas_padroes.respostapadrao", "pk": 12, "fields": {"texto": "Texto"}}, {"model": "respostas_padroes.respostapadrao", "pk": 13, "fields": {"texto": "5"}}, {"model": "respostas_padroes.respostapadrao", "pk": 14, "fields": {"texto": "6"}}, {"model": "respostas_padroes.respostapadrao", "pk": 15, "fields": {"texto": "7"}}, {"model": "respostas_padroes.respostapadrao", "pk": 16, "fields": {"texto": "8"}}, {"model": "respostas_padroes.respostapadrao", "pk": 17, "fields": {"texto": "9"}}, {"model": "respostas_padroes.respostapadrao", "pk": 18, "fields": {"texto": "10"}}, {"model": "respostas_padroes.respostapadrao", "pk": 19, "fields": {"texto": "25%"}}, {"model": "respostas_padroes.respostapadrao", "pk": 20, "fields": {"texto": "50%"}}, {"model": "respostas_padroes.respostapadrao", "pk": 21, "fields": {"texto": "75%"}}, {"model": "respostas_padroes.respostapadrao", "pk": 22, "fields": {"texto": "100%"}}, {"model": "respostas_padroes.respostapadrao", "pk": 23, "fields": {"texto": "P\u00e9ssimo"}}, {"model": "respostas_padroes.respostapadrao", "pk": 24, "fields": {"texto": "Ruim"}}, {"model": "respostas_padroes.respostapadrao", "pk": 27, "fields": {"texto": "Sofr\u00edvel"}}, {"model": "opcoes.opcao", "pk": 8, "fields": {"pergunta": 2, "opcao": 9, "tipo": "Radio Button"}}, {"model": "opcoes.opcao", "pk": 9, "fields": {"pergunta": 2, "opcao": 10, "tipo": "Radio Button"}}, {"model": "opcoes.opcao", "pk": 10, "fields": {"pergunta": 2, "opcao": 11, "tipo": "Radio Button"}}, {"model": "opcoes.opcao", "pk": 13, "fields": {"pergunta": 1, "opcao": 9, "tipo": "Radio Button"}}, {"model": "opcoes.opcao", "pk": 14, "fields": {"pergunta": 1, "opcao": 10, "tipo": "Radio Button"}}, {"model": "opcoes.opcao", "pk": 15, "fields": {"pergunta": 1, "opcao": 11, "tipo": "Radio Button"}}, {"model": "opcoes.opcao", "pk": 16, "fields": {"pergunta": 10, "opcao": 1, "tipo": "Radio Button"}}, {"model": "opcoes.opcao", "pk": 17, "fields": {"pergunta": 10, "opcao": 2, "tipo": "Radio Button"}}, {"model": "opcoes.opcao", "pk": 18, "fields": {"pergunta": 3, "opcao": 9, "tipo": "Radio Button"}}, {"model": "opcoes.opcao", "pk": 19, "fields": {"pergunta": 3, "opcao": 10, "tipo": "Radio Button"}}, {"model": "opcoes.opcao", "pk": 20, "fields": {"pergunta": 3, "opcao": 11, "tipo": "Radio Button"}}, {"model": "opcoes.opcao", "pk": 21, "fields": {"pergunta": 9, "opcao": 12, "tipo": "Texto"}}, {"model": "opcoes.opcao", "pk": 22, "fields": {"pergunta": 4, "opcao": 3, "tipo": "Radio Button"}}, {"model": "opcoes.opcao", "pk": 23, "fields": {"pergunta": 4, "opcao": 4, "tipo": "Radio Button"}}, {"model": "opcoes.opcao", "pk": 24, "fields": {"pergunta": 4, "opcao": 5, "tipo": "Radio Button"}}, {"model": "opcoes.opcao", "pk": 25, "fields": {"pergunta": 4, "opcao": 7, "tipo": "Radio Button"}}, {"model": "opcoes.opcao", "pk": 26, "fields": {"pergunta": 4, "opcao": 8, "tipo": "Radio Button"}}, {"model": "opcoes.opcao", "pk": 27, "fields": {"pergunta": 4, "opcao": 13, "tipo": "Radio Button"}}, {"model": "opcoes.opcao", "pk": 28, "fields": {"pergunta": 4, "opcao": 14, "tipo": "Radio Button"}}, {"model": "opcoes.opcao", "pk": 29, "fields": {"pergunta": 4, "opcao": 15, "tipo": "Radio Button"}}, {"model": "opcoes.opcao", "pk": 30, "fields": {"pergunta": 4, "opcao": 16, "tipo": "Radio Button"}}, {"model": "opcoes.opcao", "pk": 31, "fields": {"pergunta": 4, "opcao": 17, "tipo": "Radio Button"}}, {"model": "opcoes.opcao", "pk": 32, "fields": {"pergunta": 4, "opcao": 18, "tipo": "Radio Button"}}, {"model": "opcoes.opcao", "pk": 33, "fields": {"pergunta": 5, "opcao": 9, "tipo": "Radio Button"}}, {"model": "opcoes.opcao", "pk": 34, "fields": {"pergunta": 5, "opcao": 10, "tipo": "Radio Button"}}, {"model": "opcoes.opcao", "pk": 35, "fields": {"pergunta": 5, "opcao": 24, "tipo": "Radio Button"}}, {"model": "opcoes.opcao", "pk": 36, "fields": {"pergunta": 8, "opcao": 9, "tipo": "Radio Button"}}, {"model": "opcoes.opcao", "pk": 37, "fields": {"pergunta": 8, "opcao": 10, "tipo": "Radio Button"}}, {"model": "opcoes.opcao", "pk": 38, "fields": {"pergunta": 8, "opcao": 11, "tipo": "Radio Button"}}, {"model": "opcoes.opcao", "pk": 39, "fields": {"pergunta": 7, "opcao": 9, "tipo": "Radio Button"}}, {"model": "opcoes.opcao", "pk": 40, "fields": {"pergunta": 7, "opcao": 10, "tipo": "Radio Button"}}, {"model": "opcoes.opcao", "pk": 41, "fields": {"pergunta": 7, "opcao": 24, "tipo": "Radio Button"}}, {"model": "opcoes.opcao", "pk": 43, "fields": {"pergunta": 6, "opcao": 9, "tipo": "Radio Button"}}, {"model": "opcoes.opcao", "pk": 44, "fields": {"pergunta": 6, "opcao": 10, "tipo": "Radio Button"}}, {"model": "opcoes.opcao", "pk": 45, "fields": {"pergunta": 6, "opcao": 11, "tipo": "Radio Button"}}, {"model": "auth.permission", "pk": 1, "fields": {"name": "Can add log entry", "content_type": 1, "codename": "add_logentry"}}, {"model": "auth.permission", "pk": 2, "fields": {"name": "Can change log entry", "content_type": 1, "codename": "change_logentry"}}, {"model": "auth.permission", "pk": 3, "fields": {"name": "Can delete log entry", "content_type": 1, "codename": "delete_logentry"}}, {"model": "auth.permission", "pk": 4, "fields": {"name": "Can view log entry", "content_type": 1, "codename": "view_logentry"}}, {"model": "auth.permission", "pk": 5, "fields": {"name": "Can add permission", "content_type": 2, "codename": "add_permission"}}, {"model": "auth.permission", "pk": 6, "fields": {"name": "Can change permission", "content_type": 2, "codename": "change_permission"}}, {"model": "auth.permission", "pk": 7, "fields": {"name": "Can delete permission", "content_type": 2, "codename": "delete_permission"}}, {"model": "auth.permission", "pk": 8, "fields": {"name": "Can view permission", "content_type": 2, "codename": "view_permission"}}, {"model": "auth.permission", "pk": 9, "fields": {"name": "Can add group", "content_type": 3, "codename": "add_group"}}, {"model": "auth.permission", "pk": 10, "fields": {"name": "Can change group", "content_type": 3, "codename": "change_group"}}, {"model": "auth.permission", "pk": 11, "fields": {"name": "Can delete group", "content_type": 3, "codename": "delete_group"}}, {"model": "auth.permission", "pk": 12, "fields": {"name": "Can view group", "content_type": 3, "codename": "view_group"}}, {"model": "auth.permission", "pk": 13, "fields": {"name": "Can add user", "content_type": 4, "codename": "add_user"}}, {"model": "auth.permission", "pk": 14, "fields": {"name": "Can change user", "content_type": 4, "codename": "change_user"}}, {"model": "auth.permission", "pk": 15, "fields": {"name": "Can delete user", "content_type": 4, "codename": "delete_user"}}, {"model": "auth.permission", "pk": 16, "fields": {"name": "Can view user", "content_type": 4, "codename": "view_user"}}, {"model": "auth.permission", "pk": 17, "fields": {"name": "Can add content type", "content_type": 5, "codename": "add_contenttype"}}, {"model": "auth.permission", "pk": 18, "fields": {"name": "Can change content type", "content_type": 5, "codename": "change_contenttype"}}, {"model": "auth.permission", "pk": 19, "fields": {"name": "Can delete content type", "content_type": 5, "codename": "delete_contenttype"}}, {"model": "auth.permission", "pk": 20, "fields": {"name": "Can view content type", "content_type": 5, "codename": "view_contenttype"}}, {"model": "auth.permission", "pk": 21, "fields": {"name": "Can add session", "content_type": 6, "codename": "add_session"}}, {"model": "auth.permission", "pk": 22, "fields": {"name": "Can change session", "content_type": 6, "codename": "change_session"}}, {"model": "auth.permission", "pk": 23, "fields": {"name": "Can delete session", "content_type": 6, "codename": "delete_session"}}, {"model": "auth.permission", "pk": 24, "fields": {"name": "Can view session", "content_type": 6, "codename": "view_session"}}, {"model": "auth.permission", "pk": 25, "fields": {"name": "Can add Perfil", "content_type": 7, "codename": "add_perfil"}}, {"model": "auth.permission", "pk": 26, "fields": {"name": "Can change Perfil", "content_type": 7, "codename": "change_perfil"}}, {"model": "auth.permission", "pk": 27, "fields": {"name": "Can delete Perfil", "content_type": 7, "codename": "delete_perfil"}}, {"model": "auth.permission", "pk": 28, "fields": {"name": "Can view Perfil", "content_type": 7, "codename": "view_perfil"}}, {"model": "auth.permission", "pk": 29, "fields": {"name": "Can add Pergunta", "content_type": 8, "codename": "add_pergunta"}}, {"model": "auth.permission", "pk": 30, "fields": {"name": "Can change Pergunta", "content_type": 8, "codename": "change_pergunta"}}, {"model": "auth.permission", "pk": 31, "fields": {"name": "Can delete Pergunta", "content_type": 8, "codename": "delete_pergunta"}}, {"model": "auth.permission", "pk": 32, "fields": {"name": "Can view Pergunta", "content_type": 8, "codename": "view_pergunta"}}, {"model": "auth.permission", "pk": 33, "fields": {"name": "Can add empresa", "content_type": 9, "codename": "add_empresa"}}, {"model": "auth.permission", "pk": 34, "fields": {"name": "Can change empresa", "content_type": 9, "codename": "change_empresa"}}, {"model": "auth.permission", "pk": 35, "fields": {"name": "Can delete empresa", "content_type": 9, "codename": "delete_empresa"}}, {"model": "auth.permission", "pk": 36, "fields": {"name": "Can view empresa", "content_type": 9, "codename": "view_empresa"}}, {"model": "auth.permission", "pk": 37, "fields": {"name": "Can add departamento", "content_type": 10, "codename": "add_departamento"}}, {"model": "auth.permission", "pk": 38, "fields": {"name": "Can change departamento", "content_type": 10, "codename": "change_departamento"}}, {"model": "auth.permission", "pk": 39, "fields": {"name": "Can delete departamento", "content_type": 10, "codename": "delete_departamento"}}, {"model": "auth.permission", "pk": 40, "fields": {"name": "Can view departamento", "content_type": 10, "codename": "view_departamento"}}, {"model": "auth.permission", "pk": 41, "fields": {"name": "Can add funcionario", "content_type": 11, "codename": "add_funcionario"}}, {"model": "auth.permission", "pk": 42, "fields": {"name": "Can change funcionario", "content_type": 11, "codename": "change_funcionario"}}, {"model": "auth.permission", "pk": 43, "fields": {"name": "Can delete funcionario", "content_type": 11, "codename": "delete_funcionario"}}, {"model": "auth.permission", "pk": 44, "fields": {"name": "Can view funcionario", "content_type": 11, "codename": "view_funcionario"}}, {"model": "auth.permission", "pk": 45, "fields": {"name": "Can add resposta", "content_type": 12, "codename": "add_resposta"}}, {"model": "auth.permission", "pk": 46, "fields": {"name": "Can change resposta", "content_type": 12, "codename": "change_resposta"}}, {"model": "auth.permission", "pk": 47, "fields": {"name": "Can delete resposta", "content_type": 12, "codename": "delete_resposta"}}, {"model": "auth.permission", "pk": 48, "fields": {"name": "Can view resposta", "content_type": 12, "codename": "view_resposta"}}, {"model": "auth.permission", "pk": 49, "fields": {"name": "Can add opcao", "content_type": 13, "codename": "add_opcao"}}, {"model": "auth.permission", "pk": 50, "fields": {"name": "Can change opcao", "content_type": 13, "codename": "change_opcao"}}, {"model": "auth.permission", "pk": 51, "fields": {"name": "Can delete opcao", "content_type": 13, "codename": "delete_opcao"}}, {"model": "auth.permission", "pk": 52, "fields": {"name": "Can view opcao", "content_type": 13, "codename": "view_opcao"}}, {"model": "auth.permission", "pk": 53, "fields": {"name": "Can add Resposta Padr\u00e3o", "content_type": 14, "codename": "add_respostapadrao"}}, {"model": "auth.permission", "pk": 54, "fields": {"name": "Can change Resposta Padr\u00e3o", "content_type": 14, "codename": "change_respostapadrao"}}, {"model": "auth.permission", "pk": 55, "fields": {"name": "Can delete Resposta Padr\u00e3o", "content_type": 14, "codename": "delete_respostapadrao"}}, {"model": "auth.permission", "pk": 56, "fields": {"name": "Can view Resposta Padr\u00e3o", "content_type": 14, "codename": "view_respostapadrao"}}, {"model": "auth.user", "pk": 1, "fields": {"password": "pbkdf2_sha256$150000$6yZlY1d39PFN$AiPebRiPoL1oQPZPVKvCcwaA9El47suncqCRCOTAH6U=", "last_login": "2019-09-12T14:13:57.174Z", "is_superuser": true, "username": "usesoft", "first_name": "", "last_name": "", "email": "", "is_staff": true, "is_active": true, "date_joined": "2019-09-08T17:13:09.677Z", "groups": [], "user_permissions": []}}, {"model": "funcionarios.funcionario", "pk": 1, "fields": {"nome": "Eduardo Lucas", "user": 1, "empresa": null, "departamento": [1]}}, {"model": "admin.logentry", "pk": 1, "fields": {"action_time": "2019-09-09T14:18:17.289Z", "user": 1, "content_type": 10, "object_id": "1", "object_repr": "Diretoria", "action_flag": 1, "change_message": "[{\"added\": {}}]"}}, {"model": "admin.logentry", "pk": 2, "fields": {"action_time": "2019-09-09T14:18:22.517Z", "user": 1, "content_type": 11, "object_id": "1", "object_repr": "Eduardo Lucas", "action_flag": 1, "change_message": "[{\"added\": {}}]"}}, {"model": "admin.logentry", "pk": 3, "fields": {"action_time": "2019-09-09T16:19:44.409Z", "user": 1, "content_type": 11, "object_id": "1", "object_repr": "Eduardo Lucas", "action_flag": 2, "change_message": "[{\"changed\": {\"fields\": [\"empresa\"]}}]"}}, {"model": "admin.logentry", "pk": 4, "fields": {"action_time": "2019-09-12T14:14:24.434Z", "user": 1, "content_type": 13, "object_id": "17", "object_repr": "\u00d3timo", "action_flag": 3, "change_message": ""}}, {"model": "admin.logentry", "pk": 5, "fields": {"action_time": "2019-09-12T14:14:24.479Z", "user": 1, "content_type": 13, "object_id": "16", "object_repr": "Ruim", "action_flag": 3, "change_message": ""}}, {"model": "admin.logentry", "pk": 6, "fields": {"action_time": "2019-09-12T14:14:24.506Z", "user": 1, "content_type": 13, "object_id": "15", "object_repr": "Regular", "action_flag": 3, "change_message": ""}}, {"model": "admin.logentry", "pk": 7, "fields": {"action_time": "2019-09-12T14:14:24.525Z", "user": 1, "content_type": 13, "object_id": "14", "object_repr": "\u00d3timo", "action_flag": 3, "change_message": ""}}, {"model": "admin.logentry", "pk": 8, "fields": {"action_time": "2019-09-12T14:14:24.550Z", "user": 1, "content_type": 13, "object_id": "13", "object_repr": "Ruim", "action_flag": 3, "change_message": ""}}, {"model": "admin.logentry", "pk": 9, "fields": {"action_time": "2019-09-12T14:14:24.573Z", "user": 1, "content_type": 13, "object_id": "12", "object_repr": "Regular", "action_flag": 3, "change_message": ""}}, {"model": "admin.logentry", "pk": 10, "fields": {"action_time": "2019-09-12T14:14:24.610Z", "user": 1, "content_type": 13, "object_id": "11", "object_repr": "\u00d3timo", "action_flag": 3, "change_message": ""}}, {"model": "admin.logentry", "pk": 11, "fields": {"action_time": "2019-09-12T14:14:24.639Z", "user": 1, "content_type": 13, "object_id": "10", "object_repr": "Sugest\u00e3o", "action_flag": 3, "change_message": ""}}, {"model": "admin.logentry", "pk": 12, "fields": {"action_time": "2019-09-12T14:14:24.670Z", "user": 1, "content_type": 13, "object_id": "9", "object_repr": "Ruim", "action_flag": 3, "change_message": ""}}, {"model": "admin.logentry", "pk": 13, "fields": {"action_time": "2019-09-12T14:14:24.696Z", "user": 1, "content_type": 13, "object_id": "8", "object_repr": "Regular", "action_flag": 3, "change_message": ""}}, {"model": "admin.logentry", "pk": 14, "fields": {"action_time": "2019-09-12T14:14:24.717Z", "user": 1, "content_type": 13, "object_id": "7", "object_repr": "\u00d3timo", "action_flag": 3, "change_message": ""}}, {"model": "admin.logentry", "pk": 15, "fields": {"action_time": "2019-09-12T14:14:24.746Z", "user": 1, "content_type": 13, "object_id": "6", "object_repr": "Ruim", "action_flag": 3, "change_message": ""}}, {"model": "admin.logentry", "pk": 16, "fields": {"action_time": "2019-09-12T14:14:24.797Z", "user": 1, "content_type": 13, "object_id": "5", "object_repr": "Regular", "action_flag": 3, "change_message": ""}}, {"model": "admin.logentry", "pk": 17, "fields": {"action_time": "2019-09-12T14:14:24.826Z", "user": 1, "content_type": 13, "object_id": "4", "object_repr": "\u00d3timo", "action_flag": 3, "change_message": ""}}, {"model": "admin.logentry", "pk": 18, "fields": {"action_time": "2019-09-12T14:14:24.864Z", "user": 1, "content_type": 13, "object_id": "3", "object_repr": "Ruim", "action_flag": 3, "change_message": ""}}, {"model": "admin.logentry", "pk": 19, "fields": {"action_time": "2019-09-12T14:14:24.897Z", "user": 1, "content_type": 13, "object_id": "2", "object_repr": "Regular", "action_flag": 3, "change_message": ""}}, {"model": "admin.logentry", "pk": 20, "fields": {"action_time": "2019-09-12T14:14:24.919Z", "user": 1, "content_type": 13, "object_id": "1", "object_repr": "\u00d3timo", "action_flag": 3, "change_message": ""}}]